1,100,100,140,-59.09,1
2,100,144.44,140,-58.99,2
3,100,188.89,140,-60.2,2
4,100,233.33,140,-57.57,2
5,100,277.78,140,-59.01,2
6,100,322.22,140,-61.17,2
7,100,366.67,140,-57.48,2
8,100,411.11,140,-59.51,2
9,100,455.56,140,-57.41,2
10,100,500,140,-65.21,2
11,144.44,100,140,-59.26,2
12,144.44,144.44,140,-58.32,2
13,144.44,188.89,140,-56.81,2
14,144.44,233.33,140,-57.42,2
15,144.44,277.78,140,-57.54,2
16,144.44,322.22,140,-57.8,2
17,144.44,366.67,140,-57.19,2
18,144.44,411.11,140,-57.83,2
19,144.44,455.56,140,-57.72,2
20,144.44,500,140,-59.12,2
21,188.89,100,140,-59.87,2
22,188.89,144.44,140,-59.46,2
23,188.89,188.89,140,-57.52,2
24,188.89,233.33,140,-58.92,2
25,188.89,277.78,140,-59.3,2
26,188.89,322.22,140,-57.58,2
27,188.89,366.67,140,-58.01,2
28,188.89,411.11,140,-57.31,2
29,188.89,455.56,140,-56.43,2
30,188.89,500,140,-57,2
31,233.33,100,140,-57.41,2
32,233.33,144.44,140,-58.49,2
33,233.33,188.89,140,-59.61,2
34,233.33,233.33,140,-59.32,2
35,233.33,277.78,140,-57.8,2
36,233.33,322.22,140,-59.18,2
37,233.33,366.67,140,-58.25,2
38,233.33,411.11,140,-57.44,2
39,233.33,455.56,140,-58.47,2
40,233.33,500,140,-59.25,2
41,277.78,100,140,-58.17,2
42,277.78,144.44,140,-60.7,2
43,277.78,188.89,140,-59.77,2
44,277.78,233.33,140,-58.63,2
45,277.78,277.78,140,-59.03,2
46,277.78,322.22,140,-57.68,2
47,277.78,366.67,140,-55.65,2
48,277.78,411.11,140,-59.9,2
49,277.78,455.56,140,-59.37,2
50,277.78,500,140,-59.97,2
51,322.22,100,140,-59.17,2
52,322.22,144.44,140,-58.19,2
53,322.22,188.89,140,-58.44,2
54,322.22,233.33,140,-59.21,2
55,322.22,277.78,140,-56.73,2
56,322.22,322.22,140,-56.4,2
57,322.22,366.67,140,-54.12,2
58,322.22,411.11,140,-59.5,2
59,322.22,455.56,140,-59.36,2
60,322.22,500,140,-61.42,2
61,366.67,100,140,-60.99,2
62,366.67,144.44,140,-57.52,2
63,366.67,188.89,140,-60.09,2
64,366.67,233.33,140,-59.28,2
65,366.67,277.78,140,-59.42,2
66,366.67,322.22,140,-59.25,2
67,366.67,366.67,140,-59.33,2
68,366.67,411.11,140,-58.22,2
69,366.67,455.56,140,-59.09,2
70,366.67,500,140,-59.77,2
71,411.11,100,140,-58.85,2
72,411.11,144.44,140,-58.88,2
73,411.11,188.89,140,-57.2,2
74,411.11,233.33,140,-58.64,2
75,411.11,277.78,140,-57.76,2
76,411.11,322.22,140,-59.16,2
77,411.11,366.67,140,-60.37,2
78,411.11,411.11,140,-55.84,2
79,411.11,455.56,140,-55.16,2
80,411.11,500,140,-60.17,2
81,455.56,100,140,-60.98,2
82,455.56,144.44,140,-56.97,2
83,455.56,188.89,140,-58.23,2
84,455.56,233.33,140,-59.32,2
85,455.56,277.78,140,-57.57,2
86,455.56,322.22,140,-61.15,2
87,455.56,366.67,140,-55.81,2
88,455.56,411.11,140,-59.32,2
89,455.56,455.56,140,-60.42,2
90,455.56,500,140,-61.66,2
91,500,100,140,-65.32,2
92,500,144.44,140,-59.31,2
93,500,188.89,140,-59.38,2
94,500,233.33,140,-61.44,2
95,500,277.78,140,-60.8,2
96,500,322.22,140,-59.83,2
97,500,366.67,140,-59.75,2
98,500,411.11,140,-60.56,2
99,500,455.56,140,-60.58,2
100,500,500,140,-64.35,2
101,100,100,144.44,-58.1,2
102,100,144.44,144.44,-57.84,2
103,100,188.89,144.44,-57.84,2
104,100,233.33,144.44,-57.55,2
105,100,277.78,144.44,-56.23,2
106,100,322.22,144.44,-58.21,2
107,100,366.67,144.44,-56.7,2
108,100,411.11,144.44,-55.32,2
109,100,455.56,144.44,-56.71,2
110,100,500,144.44,-58.66,2
111,144.44,100,144.44,-57.86,2
112,144.44,144.44,144.44,-58.13,2
113,144.44,188.89,144.44,-57.87,2
114,144.44,233.33,144.44,-58.05,2
115,144.44,277.78,144.44,-57.67,2
116,144.44,322.22,144.44,-56.89,2
117,144.44,366.67,144.44,-57.05,2
118,144.44,411.11,144.44,-56.25,2
119,144.44,455.55,144.44,-56.43,2
120,144.44,500,144.44,-56.36,2
121,188.89,100,144.44,-55.8,2
122,188.89,144.44,144.44,-58.09,2
123,188.89,188.89,144.44,-58.18,2
124,188.89,233.33,144.44,-58.63,2
125,188.89,277.78,144.44,-57.43,2
126,188.89,322.22,144.44,-57.26,2
127,188.89,366.67,144.44,-57.53,2
128,188.89,411.11,144.44,-57.17,2
129,188.89,455.56,144.44,-57.29,2
130,188.89,500,144.44,-55.79,2
131,233.33,100,144.44,-56.06,2
132,233.33,144.44,144.44,-58.23,2
133,233.33,188.89,144.44,-58.36,2
134,233.33,233.33,144.44,-58.54,2
135,233.33,277.78,144.44,-57.43,2
136,233.33,322.22,144.44,-57.74,2
137,233.33,366.67,144.44,-57.65,2
138,233.33,411.11,144.44,-57.42,2
139,233.33,455.56,144.44,-57.2,2
140,233.33,500,144.44,-57.77,2
141,277.78,100,144.44,-56.56,2
142,277.78,144.44,144.44,-58.29,2
143,277.78,188.89,144.44,-58.18,2
144,277.78,233.33,144.44,-59,2
145,277.78,277.78,144.44,-58.16,2
146,277.78,322.22,144.44,-58.31,2
147,277.78,366.67,144.44,-57.99,2
148,277.78,411.11,144.44,-57.89,2
149,277.78,455.56,144.44,-58.54,2
150,277.78,500,144.44,-56.89,2
151,322.22,100,144.44,-58.03,2
152,322.22,144.44,144.44,-58.64,2
153,322.22,188.89,144.44,-58.34,2
154,322.22,233.33,144.44,-58.4,2
155,322.22,277.78,144.44,-58.48,2
156,322.22,322.22,144.44,-59.2,2
157,322.22,366.67,144.44,-60.04,2
158,322.22,411.11,144.44,-58.45,2
159,322.22,455.56,144.44,-58.05,2
160,322.22,500,144.44,-56.35,2
161,366.67,100,144.44,-57.19,2
162,366.67,144.44,144.44,-58.06,2
163,366.67,188.89,144.44,-58.02,2
164,366.67,233.33,144.44,-58.04,2
165,366.67,277.78,144.44,-58.72,2
166,366.67,322.22,144.44,-58.55,2
167,366.67,366.67,144.44,-57.86,2
168,366.67,411.11,144.44,-57.77,2
169,366.67,455.56,144.44,-58.15,2
170,366.67,500,144.44,-57.4,2
171,411.11,100,144.44,-59.04,2
172,411.11,144.44,144.44,-57.19,2
173,411.11,188.89,144.44,-58.21,2
174,411.11,233.33,144.44,-57.83,2
175,411.11,277.78,144.44,-58.17,2
176,411.11,322.22,144.44,-58.08,2
177,411.11,366.67,144.44,-57.61,2
178,411.11,411.11,144.44,-58.12,2
179,411.11,455.56,144.44,-58.14,2
180,411.11,500,144.44,-58.45,2
181,455.56,100,144.44,-56.57,2
182,455.56,144.44,144.44,-56.84,2
183,455.56,188.89,144.44,-58.74,2
184,455.56,233.33,144.44,-57.96,2
185,455.56,277.78,144.44,-58.35,2
186,455.56,322.22,144.44,-58.41,2
187,455.56,366.67,144.44,-58.07,2
188,455.56,411.11,144.44,-59.12,2
189,455.56,455.56,144.44,-59.07,2
190,455.56,500,144.44,-56.59,2
191,500,100,144.44,-56.65,2
192,500,144.44,144.44,-58.24,2
193,500,188.89,144.44,-57.38,2
194,500,233.33,144.44,-58.47,2
195,500,277.78,144.44,-58.36,2
196,500,322.22,144.44,-58.21,2
197,500,366.67,144.44,-59.95,2
198,500,411.11,144.44,-59.73,2
199,500,455.56,144.44,-56.92,2
200,500,500,144.44,-59.68,2
201,100,100,148.89,-58.29,2
202,100,144.44,148.89,-55.92,2
203,100,188.89,148.89,-58.08,2
204,100,233.33,148.89,-59.87,2
205,100,277.78,148.89,-58.31,2
206,100,322.22,148.89,-55.18,2
207,100,366.67,148.89,-56.64,2
208,100,411.11,148.89,-57.12,2
209,100,455.56,148.89,-57.23,2
210,100,500,148.89,-58.24,2
211,144.44,100,148.89,-59.01,2
212,144.44,144.44,148.89,-57.91,2
213,144.44,188.89,148.89,-57.58,2
214,144.44,233.33,148.89,-57.54,2
215,144.44,277.78,148.89,-57.02,2
216,144.44,322.22,148.89,-56.51,2
217,144.44,366.67,148.89,-56.21,2
218,144.44,411.11,148.89,-57.58,2
219,144.44,455.56,148.89,-58.01,2
220,144.44,500,148.89,-57.73,2
221,188.89,100,148.89,-55.82,2
222,188.89,144.44,148.89,-58.33,2
223,188.89,188.89,148.89,-58.2,2
224,188.89,233.33,148.89,-56.78,2
225,188.89,277.78,148.89,-57.14,2
226,188.89,322.22,148.89,-57.26,2
227,188.89,366.67,148.89,-56.69,2
228,188.89,411.11,148.89,-56.89,2
229,188.89,455.56,148.89,-56.36,2
230,188.89,500,148.89,-57.32,2
231,233.33,100,148.89,-57.04,2
232,233.33,144.44,148.89,-57.59,2
233,233.33,188.89,148.89,-58.31,2
234,233.33,233.33,148.89,-59.02,2
235,233.33,277.78,148.89,-58,2
236,233.33,322.22,148.89,-58.57,2
237,233.33,366.67,148.89,-58.19,2
238,233.33,411.11,148.89,-57.51,2
239,233.33,455.56,148.89,-57.15,2
240,233.33,500,148.89,-57.66,2
241,277.78,100,148.89,-58.2,2
242,277.78,144.44,148.89,-57.92,2
243,277.78,188.89,148.89,-57.86,2
244,277.78,233.33,148.89,-58.23,2
245,277.78,277.78,148.89,-57.63,2
246,277.78,322.22,148.89,-58.31,2
247,277.78,366.67,148.89,-58.23,2
248,277.78,411.11,148.89,-57.22,2
249,277.78,455.56,148.89,-57.63,2
250,277.78,500,148.89,-57.82,2
251,322.22,100,148.89,-56.46,2
252,322.22,144.44,148.89,-57.43,2
253,322.22,188.89,148.89,-58.57,2
254,322.22,233.33,148.89,-58.76,2
255,322.22,277.78,148.89,-58.66,2
256,322.22,322.22,148.89,-57.59,2
257,322.22,366.67,148.89,-58.32,2
258,322.22,411.11,148.89,-58.32,2
259,322.22,455.56,148.89,-57.98,2
260,322.22,500,148.89,-59.79,2
261,366.67,100,148.89,-58.17,2
262,366.67,144.44,148.89,-57.56,2
263,366.67,188.89,148.89,-58.37,2
264,366.67,233.33,148.89,-58.37,2
265,366.67,277.78,148.89,-58.15,2
266,366.67,322.22,148.89,-58.84,2
267,366.67,366.67,148.89,-58.67,2
268,366.67,411.11,148.89,-58.45,2
269,366.67,455.56,148.89,-58.08,2
270,366.67,500,148.89,-58.42,2
271,411.11,100,148.89,-57.18,2
272,411.11,144.44,148.89,-57.32,2
273,411.11,188.89,148.89,-57.76,2
274,411.11,233.33,148.89,-58.52,2
275,411.11,277.78,148.89,-58.28,2
276,411.11,322.22,148.89,-58.97,2
277,411.11,366.67,148.89,-57.35,2
278,411.11,411.11,148.89,-58.13,2
279,411.11,455.56,148.89,-57.24,2
280,411.11,500,148.89,-58.05,2
281,455.56,100,148.89,-56.79,2
282,455.56,144.44,148.89,-58.7,2
283,455.56,188.89,148.89,-57.35,2
284,455.56,233.33,148.89,-57.61,2
285,455.56,277.78,148.89,-58.52,2
286,455.56,322.22,148.89,-59.3,2
287,455.56,366.67,148.89,-58.63,2
288,455.56,411.11,148.89,-58.37,2
289,455.56,455.56,148.89,-58.83,2
290,455.56,500,148.89,-59.12,2
291,500,100,148.89,-56.51,2
292,500,144.44,148.89,-56.12,2
293,500,188.89,148.89,-55.54,2
294,500,233.33,148.89,-56.86,2
295,500,277.78,148.89,-56.08,2
296,500,322.22,148.89,-58.57,2
297,500,366.67,148.89,-56.92,2
298,500,411.11,148.89,-58.52,2
299,500,455.56,148.89,-59.16,2
300,500,500,148.89,-59.02,2
301,100,100,153.33,-57.93,2
302,100,144.44,153.33,-56.69,2
303,100,188.89,153.33,-57.78,2
304,100,233.33,153.33,-56.41,2
305,100,277.78,153.33,-55.61,2
306,100,322.22,153.33,-56.55,2
307,100,366.65,153.33,-54.77,2
308,100.01,411.02,153.33,-53.8,2
309,100.13,453.92,153.2,-52.5,2
310,101.46,479.71,151.71,-56.45,2
311,144.44,100,153.33,-58.59,2
312,144.44,144.44,153.33,-58.39,2
313,144.44,188.89,153.33,-57.3,2
314,144.44,233.33,153.33,-56.79,2
315,144.44,277.78,153.33,-56.27,2
316,144.44,322.22,153.33,-56.52,2
317,144.44,366.67,153.33,-56.32,2
318,144.45,411.11,153.33,-55.09,2
319,144.45,455.55,153.33,-54.99,2
320,144.44,500,153.33,-56.52,2
321,188.89,100,153.33,-57.22,2
322,188.89,144.44,153.33,-58.13,2
323,188.89,188.89,153.33,-57.96,2
324,188.89,233.33,153.33,-58.96,2
325,188.89,277.78,153.33,-59.53,2
326,188.89,322.22,153.33,-56.33,2
327,188.89,366.67,153.33,-57.26,2
328,188.89,411.11,153.33,-58.12,2
329,188.89,455.55,153.33,-56.07,2
330,188.89,500,153.33,-56.15,2
331,233.33,100,153.33,-57.95,2
332,233.33,144.44,153.33,-57.64,2
333,233.33,188.89,153.33,-57.87,2
334,233.33,233.33,153.33,-57.78,2
335,233.33,277.78,153.33,-57.73,2
336,233.33,322.22,153.33,-57.6,2
337,233.33,366.67,153.33,-56.69,2
338,233.33,411.11,153.33,-58.97,2
339,233.33,455.55,153.33,-56.09,2
340,233.33,500,153.33,-58.16,2
341,277.78,100,153.33,-58.56,2
342,277.78,144.44,153.33,-58.13,2
343,277.78,188.89,153.33,-58.36,2
344,277.78,233.33,153.33,-58.13,2
345,277.78,277.78,153.33,-58.01,2
346,277.78,322.22,153.33,-57.84,2
347,277.78,366.67,153.33,-57.91,2
348,277.78,411.11,153.33,-56.88,2
349,277.78,455.56,153.33,-58.2,2
350,277.78,500,153.33,-57.42,2
351,322.22,100,153.33,-57.34,2
352,322.22,144.44,153.33,-58.52,2
353,322.22,188.89,153.33,-58.35,2
354,322.22,233.33,153.33,-57.94,2
355,322.22,277.78,153.33,-58.04,2
356,322.22,322.22,153.33,-56.93,2
357,322.22,366.67,153.33,-57.94,2
358,322.22,411.11,153.33,-56.91,2
359,322.22,455.56,153.33,-57.12,2
360,322.22,500,153.33,-58.41,2
361,366.67,100,153.33,-57.25,2
362,366.67,144.44,153.33,-57.54,2
363,366.67,188.89,153.33,-59.09,2
364,366.67,233.33,153.33,-58.75,2
365,366.67,277.78,153.33,-58.61,2
366,366.67,322.22,153.33,-58.09,2
367,366.67,366.67,153.33,-57.82,2
368,366.67,411.11,153.33,-57.51,2
369,366.67,455.56,153.33,-58.46,2
370,366.67,500,153.33,-58.1,2
371,411.11,100,153.33,-57.02,2
372,411.11,144.44,153.33,-56.95,2
373,411.11,188.89,153.33,-58.83,2
374,411.11,233.33,153.33,-58.02,2
375,411.11,277.78,153.33,-56.97,2
376,411.11,322.22,153.33,-58.53,2
377,411.11,366.67,153.33,-58.32,2
378,411.11,411.11,153.33,-58.94,2
379,411.11,455.56,153.33,-57.96,2
380,411.11,500,153.33,-57.77,2
381,455.56,100,153.33,-57.47,2
382,455.55,144.44,153.33,-56.46,2
383,455.56,188.89,153.33,-57.07,2
384,455.56,233.33,153.33,-57.52,2
385,455.56,277.78,153.33,-58.13,2
386,455.56,322.22,153.33,-58.47,2
387,455.56,366.67,153.33,-57.6,2
388,455.56,411.11,153.33,-58.81,2
389,455.56,455.56,153.33,-58.07,2
390,455.56,500,153.33,-57.75,2
391,500,100,153.33,-58.09,2
392,500,144.44,153.33,-56.14,2
393,500,188.89,153.33,-56.32,2
394,500,233.33,153.33,-57.11,2
395,500,277.78,153.33,-57.02,2
396,500,322.22,153.33,-58.36,2
397,500,366.67,153.33,-57.96,2
398,500,411.11,153.33,-58.43,2
399,500,455.56,153.33,-58.42,2
400,500,500,153.33,-62.88,2
401,100,100,157.78,-57.53,2
402,100,144.44,157.78,-56.16,2
403,100,188.89,157.78,-58.31,2
404,100,233.33,157.78,-56.02,2
405,100,277.77,157.78,-55.5,2
406,100,322.22,157.78,-57.03,2
407,100.16,365.32,157.67,-52.98,2
408,102.18,390,156.12,-54.31,2
409,104.42,407.63,154.1,-56.66,2
410,106.43,423.14,151.97,-54.33,2
411,144.44,100,157.78,-57.53,2
412,144.44,144.44,157.78,-57.74,2
413,144.44,188.89,157.78,-56.44,2
414,144.44,233.33,157.78,-56.81,2
415,144.44,277.78,157.78,-57.27,2
416,144.44,322.22,157.78,-55.89,2
417,144.45,366.66,157.78,-55.2,2
418,144.45,411.09,157.78,-54.4,2
419,144.46,455.47,157.77,-53.85,2
420,144.46,499.88,157.77,-54.49,2
421,188.89,100,157.78,-60.04,2
422,188.89,144.44,157.78,-57.77,2
423,188.89,188.89,157.78,-56.84,2
424,188.89,233.33,157.78,-57.02,2
425,188.89,277.78,157.78,-57.43,2
426,188.89,322.22,157.78,-57.54,2
427,188.89,366.67,157.78,-55.62,2
428,188.89,411.11,157.78,-56.03,2
429,188.89,455.55,157.78,-55.99,2
430,188.89,499.99,157.78,-55.26,2
431,233.33,100,157.78,-57.35,2
432,233.33,144.44,157.78,-57.15,2
433,233.33,188.89,157.78,-57.49,2
434,233.33,233.33,157.78,-57.86,2
435,233.33,277.78,157.78,-57.06,2
436,233.33,322.22,157.78,-57.18,2
437,233.33,366.67,157.78,-56.78,2
438,233.33,411.11,157.78,-56.48,2
439,233.33,455.55,157.78,-55.84,2
440,233.33,500,157.78,-58.82,2
441,277.78,100,157.78,-55.75,2
442,277.78,144.44,157.78,-57.32,2
443,277.78,188.89,157.78,-56.63,2
444,277.78,233.33,157.78,-58.34,2
445,277.78,277.78,157.78,-57.68,2
446,277.78,322.22,157.78,-57.68,2
447,277.78,366.67,157.78,-57.01,2
448,277.78,411.11,157.78,-56.95,2
449,277.78,455.56,157.78,-56.82,2
450,277.78,500,157.78,-57.69,2
451,322.22,100,157.78,-56.96,2
452,322.22,144.44,157.78,-57.55,2
453,322.22,188.89,157.78,-55.58,2
454,322.22,233.33,157.78,-55.91,2
455,322.22,277.78,157.78,-58.74,2
456,322.22,322.22,157.78,-57.61,2
457,322.22,366.67,157.78,-58.17,2
458,322.22,411.11,157.78,-57.59,2
459,322.22,455.56,157.78,-56.55,2
460,322.22,500,157.78,-58.48,2
461,366.67,100,157.78,-56.04,2
462,498.55,124.72,164.97,-54.79,2
463,500,158.41,164.52,-46.8,2
464,366.67,233.33,157.78,-58.4,2
465,366.67,277.78,157.78,-57.71,2
466,366.67,322.22,157.78,-57.37,2
467,366.67,366.67,157.78,-57.75,2
468,366.67,411.11,157.78,-57.76,2
469,366.67,455.56,157.78,-57.15,2
470,366.67,500,157.78,-57.88,2
471,411.11,100,157.78,-58.05,2
472,411.11,144.44,157.78,-57.53,2
473,411.11,188.89,157.78,-57.37,2
474,411.11,233.33,157.78,-57.22,2
475,411.11,277.78,157.78,-58.23,2
476,411.11,322.22,157.78,-58.44,2
477,411.11,366.67,157.78,-58.09,2
478,411.11,411.11,157.78,-58.36,2
479,411.11,455.56,157.78,-58.27,2
480,411.11,500,157.78,-56.78,2
481,449.21,100.52,157.33,-52.56,2
482,455.55,144.44,157.78,-55.98,2
483,455.56,188.89,157.78,-57.67,2
484,455.56,233.33,157.78,-57.17,2
485,455.56,277.78,157.78,-58.02,2
486,455.56,322.22,157.78,-57.32,2
487,455.56,366.67,157.78,-58.46,2
488,455.56,411.11,157.78,-57.31,2
489,455.56,455.56,157.78,-58.13,2
490,455.56,500,157.78,-57.18,2
491,464.74,102.61,155.27,-53.84,2
492,500,144.44,157.78,-54.71,2
493,500,188.89,157.78,-55.2,2
494,500,233.33,157.78,-58.6,2
495,500,277.78,157.78,-58.46,2
496,500,322.22,157.78,-58.12,2
497,500,366.67,157.78,-59.04,2
498,500,411.11,157.78,-57.4,2
499,500,455.56,157.78,-57.38,2
500,500,500,157.78,-59.16,2
501,100,100,162.22,-58.04,2
502,100.01,144.43,162.22,-54.61,2
503,104.68,177.12,161.07,-55.9,2
504,106.23,211.96,160.19,-54.37,2
505,107.66,243.95,159.19,-56.34,2
506,109.05,272.88,158.06,-54.17,2
507,110.41,298.82,156.81,-56.83,2
508,111.73,321.88,155.43,-54.72,2
509,113.01,342.39,153.95,-55.9,2
510,114.23,360.64,152.36,-55.76,2
511,144.44,100,162.22,-58.61,2
512,144.45,144.43,162.22,-55.19,2
513,146.84,185.34,162.03,-56.71,2
514,149.56,223.09,161.55,-55.15,2
515,151.39,259.84,161.01,-55.28,2
516,152.95,294.89,160.4,-54.26,2
517,154.41,328.02,159.74,-54.45,2
518,155.82,359.08,159.02,-54.45,2
519,157.21,388.04,158.24,-58.77,2
520,158.57,414.87,157.4,-55.3,2
521,188.89,100,162.22,-58.77,2
522,188.89,144.45,162.22,-56.49,2
523,188.9,188.88,162.22,-55.81,2
524,190.69,230.86,162.13,-56.8,2
525,194.15,268.57,161.79,-56.43,2
526,196.34,306.06,161.4,-55.33,2
527,198.09,342.55,160.97,-54.97,2
528,199.66,377.74,160.51,-56.42,2
529,201.14,411.46,160.02,-57,2
530,202.57,443.62,159.49,-55.31,2
531,231.22,100.55,162.05,-55.39,2
532,233.32,144.45,162.22,-55.28,2
533,233.33,188.89,162.22,-57.11,2
534,233.34,233.33,162.22,-56.21,2
535,233.31,277.8,162.22,-56.77,2
536,238.56,313.85,161.92,-54.21,2
537,241.09,351.73,161.63,-57.72,2
538,243.08,388.95,161.3,-57.03,2
539,244.79,425.27,160.95,-57.85,2
540,246.38,460.49,160.58,-54.42,2
541,277.78,100,162.22,-56.54,2
542,281.37,143.2,162.43,-53.78,2
543,277.77,188.89,162.22,-55.48,2
544,277.77,233.34,162.22,-56.22,2
545,277.79,277.76,162.22,-55.71,2
546,278.74,321.02,162.2,-53.72,2
547,282.64,359.36,162.02,-55.68,2
548,277.84,411,162.22,-54.04,2
549,287.92,434.79,161.51,-57.65,2
550,289.82,471.76,161.23,-54.89,2
551,300.73,103.46,160.6,-54.64,2
552,320.27,144.99,162.11,-53.06,2
553,330.5,185.47,162.58,-55.83,2
554,322.22,233.33,162.22,-56.62,2
555,322.22,277.78,162.22,-57.5,2
556,322.22,322.22,162.22,-57.14,2
557,322.98,365.75,162.21,-53.73,2
558,322.24,411.09,162.22,-56.18,2
559,330.08,442.55,161.88,-56.43,2
560,322.22,500,162.22,-57.38,2
561,366.67,100,162.22,-56.76,2
562,358.89,146.22,161.78,-56.4,2
563,371.03,187.4,162.42,-53.88,2
564,366.67,233.33,162.22,-57.01,2
565,366.66,277.78,162.22,-56.44,2
566,366.66,322.23,162.22,-56.38,2
567,366.68,366.65,162.22,-55.94,2
568,366.85,410.89,162.22,-54.97,2
569,370.59,450.14,162.12,-54.61,2
570,374.42,487.82,161.95,-54.55,2
571,355.57,106.39,158.38,-55.31,2
572,411.12,144.44,162.22,-56.38,2
573,411.18,188.87,162.23,-57.54,2
574,411.05,233.36,162.22,-54.61,2
575,411.11,277.78,162.22,-57.6,2
576,411.1,322.23,162.22,-55.93,2
577,411.11,366.67,162.22,-57.11,2
578,411.11,411.11,162.22,-57.67,2
579,411.6,454.99,162.22,-54.02,2
580,414.27,495.75,162.15,-54.97,2
581,377.71,107.85,156.99,-56.98,2
582,427.42,149.11,160.74,-57.27,2
583,455.6,188.88,162.22,-55.47,2
584,455.41,233.38,162.22,-54.43,2
585,455.55,277.78,162.22,-56.65,2
586,455.54,322.23,162.22,-55.81,2
587,455.55,366.67,162.22,-57.94,2
588,455.56,411.11,162.22,-58.46,2
589,455.59,455.52,162.22,-55.65,2
590,455.56,500,162.22,-55.83,2
591,396.84,109.28,155.44,-56.44,2
592,457.83,150.57,160.08,-54.37,2
593,486.05,191.88,161.62,-57.52,2
594,499.21,233.57,162.19,-54.29,2
595,499.98,277.78,162.22,-55.96,2
596,500,322.22,162.22,-56.9,2
597,500,366.67,162.22,-58.28,2
598,500,411.11,162.22,-58.27,2
599,500,455.56,162.22,-58.76,2
600,500,500,162.22,-57.93,2
601,100,100,166.67,-56.22,2
602,100,144.44,166.67,-56.56,2
603,100,188.89,166.67,-58.31,2
604,188.49,115.23,162.42,-46.73,1
605,145.41,164.08,158.37,-57.62,2
606,137.15,195.18,157.03,-56.64,2
607,133.36,221.87,155.95,-56.07,2
608,131.28,245.77,154.92,-57.29,2
609,130.06,267.43,153.88,-55.67,2
610,129.36,287.15,152.79,-57.6,2
611,144.44,100,166.67,-55.2,2
612,144.44,144.44,166.67,-57.15,2
613,144.44,188.89,166.67,-57.45,2
614,144.44,233.33,166.67,-57.9,2
615,144.44,277.78,166.67,-57.16,2
616,252.8,170.88,162.44,-45.88,1
617,225.84,206.61,159.55,-57.97,2
618,207.36,244.56,158.12,-57.16,2
619,199.33,275.53,157.21,-58.52,2
620,194.72,303.26,156.44,-57.56,2
621,188.89,100,166.67,-56.43,2
622,188.89,144.44,166.67,-57.3,2
623,188.89,188.89,166.67,-57.18,2
624,188.89,233.33,166.67,-56.38,2
625,188.89,277.78,166.67,-56.31,2
626,188.89,322.22,166.67,-56.5,2
627,188.89,366.67,166.67,-56.15,2
628,188.89,411.11,166.67,-55.56,2
629,324.99,239.43,160.89,-57.43,2
630,283.65,289.55,158.93,-57.44,2
631,132.44,158.68,162.2,-45.51,1
632,233.33,144.44,166.67,-56.44,2
633,233.33,188.89,166.67,-57.31,2
634,233.33,233.33,166.67,-56.93,2
635,233.33,277.78,166.67,-56.89,2
636,233.33,322.22,166.67,-57.12,2
637,233.33,366.67,166.67,-56.76,2
638,233.33,411.11,166.67,-56.49,2
639,233.33,455.55,166.67,-55.95,2
640,233.33,500,166.67,-56.97,2
641,161.05,147.84,159.96,-57.45,2
642,277.78,144.44,166.67,-57.33,2
643,277.78,188.89,166.67,-57.17,2
644,277.78,233.33,166.67,-56.97,2
645,277.78,277.78,166.67,-58.37,2
646,277.78,322.22,166.67,-57.52,2
647,277.78,366.67,166.67,-57.05,2
648,277.78,411.11,166.67,-57.4,2
649,277.78,455.56,166.67,-56.57,2
650,277.78,500,166.67,-56.54,2
651,202.8,132.91,158.65,-58.18,2
652,197.4,214.03,162.28,-45.47,1
653,322.22,188.89,166.67,-58.42,2
654,322.22,233.33,166.67,-57.67,2
655,322.22,277.78,166.67,-57.34,2
656,322.22,322.22,166.67,-56.58,2
657,322.22,366.67,166.67,-57.44,2
658,322.22,411.11,166.67,-58.41,2
659,322.22,455.56,166.67,-57.67,2
660,322.22,500,166.67,-57.17,2
661,235.22,127.78,157.85,-56.85,2
662,188.4,249.55,162.09,-46.6,1
663,366.67,188.89,166.67,-56.15,2
664,366.67,233.33,166.67,-57.63,2
665,366.67,277.78,166.67,-57.33,2
666,366.67,322.22,166.67,-56.92,2
667,366.67,366.67,166.67,-57.59,2
668,366.67,411.11,166.67,-57.99,2
669,366.67,455.56,166.67,-57.18,2
670,366.67,500,166.67,-57.64,2
671,263.54,125.24,157.07,-56.78,2
672,243.96,207.63,159.64,-56.91,2
673,411.11,188.89,166.67,-56.91,2
674,411.11,233.33,166.67,-58.36,2
675,411.11,277.78,166.67,-56.21,2
676,411.11,322.22,166.67,-58.07,2
677,411.11,366.67,166.67,-56.66,2
678,411.11,411.11,166.67,-57.48,2
679,411.11,455.56,166.67,-58.14,2
680,411.11,500,166.67,-56.45,2
681,288.83,123.88,156.22,-57.73,2
682,284.95,193.8,158.8,-57.59,2
683,247.81,310.99,162.15,-46.02,1
684,455.56,233.33,166.67,-56.83,2
685,455.56,277.78,166.67,-57.75,2
686,455.56,322.22,166.67,-57.45,2
687,455.56,366.67,166.67,-57.81,2
688,455.56,411.11,166.67,-55.57,2
689,455.56,455.56,166.67,-57.42,2
690,455.56,500,166.67,-58.5,2
691,311.54,123.17,155.27,-58.47,2
692,319.06,187.29,158.21,-57.07,2
693,261.88,314.72,161.28,-58.23,2
694,500,233.33,166.67,-58.44,2
695,500,277.78,166.67,-56.51,2
696,500,322.22,166.67,-57.53,2
697,500,366.67,166.67,-59.67,2
698,500,411.11,166.67,-57.47,2
699,500,455.56,166.67,-57.31,2
700,500,500,166.67,-58.55,2
701,100,100,171.11,-57.81,2
702,100,144.44,171.11,-56.01,2
703,100,188.89,171.11,-55.16,2
704,100,233.33,171.11,-54.87,2
705,100,277.78,171.11,-55.16,2
706,100,322.22,171.11,-55.87,2
707,100,366.67,171.11,-58.03,2
708,247.79,129.23,162.34,-45.38,1
709,203.01,159.65,157.86,-58.14,2
710,180.79,186.78,155.43,-57.66,2
711,144.44,100,171.11,-55.53,2
712,144.44,144.44,171.11,-56.58,2
713,144.44,188.89,171.11,-56.51,2
714,144.44,233.33,171.11,-56.6,2
715,144.44,277.78,171.11,-56.08,2
716,144.44,322.22,171.11,-56.59,2
717,144.44,366.67,171.11,-56.01,2
718,144.44,411.11,171.11,-55.85,2
719,144.44,455.55,171.11,-55.09,2
720,144.44,500,171.11,-56.36,2
721,188.89,100,171.11,-57.12,2
722,188.89,144.44,171.11,-56.9,2
723,188.89,188.89,171.11,-56.46,2
724,188.89,233.33,171.11,-56.34,2
725,188.89,277.78,171.11,-56.69,2
726,188.89,322.22,171.11,-56.5,2
727,188.89,366.66,171.11,-54.44,2
728,188.89,411.11,171.11,-55.82,2
729,188.89,455.56,171.11,-55.5,2
730,188.89,500,171.11,-58.13,2
731,233.33,100,171.11,-55.89,2
732,233.33,144.44,171.11,-56.31,2
733,233.33,188.89,171.11,-56.25,2
734,233.33,233.33,171.11,-56.93,2
735,233.33,277.78,171.11,-56.48,2
736,233.33,322.22,171.11,-56.22,2
737,233.33,366.67,171.11,-56.66,2
738,233.33,411.11,171.11,-56.35,2
739,233.33,455.56,171.11,-54.68,2
740,233.33,500,171.11,-56.41,2
741,277.78,100,171.11,-56.77,2
742,277.78,144.44,171.11,-56.91,2
743,277.78,188.89,171.11,-56.9,2
744,277.78,233.33,171.11,-55.7,2
745,277.78,277.78,171.11,-56.42,2
746,277.78,322.22,171.11,-56.56,2
747,277.78,366.67,171.11,-57.34,2
748,277.78,411.11,171.11,-57.38,2
749,277.78,455.56,171.11,-56.89,2
750,277.78,500,171.11,-56.18,2
751,322.22,100,171.11,-56.92,2
752,322.22,144.44,171.11,-56.23,2
753,322.22,188.89,171.11,-56.84,2
754,322.22,233.33,171.11,-58.2,2
755,322.22,277.78,171.11,-56.01,2
756,322.22,322.22,171.11,-56.56,2
757,322.22,366.67,171.11,-56.29,2
758,322.22,411.11,171.11,-56.92,2
759,322.22,455.56,171.11,-56.9,2
760,322.22,500,171.11,-57.45,2
761,140.43,204.23,161.98,-44.41,1
762,366.67,144.44,171.11,-56.74,2
763,366.67,188.89,171.11,-57.49,2
764,366.67,233.33,171.11,-55.77,2
765,366.67,277.78,171.11,-57.14,2
766,366.67,322.22,171.11,-57.11,2
767,366.67,366.67,171.11,-57.44,2
768,366.67,411.11,171.11,-55.9,2
769,366.67,455.56,171.11,-55.42,2
770,366.67,500,171.11,-57.06,2
771,140.44,220.39,161.86,-44.86,1
772,411.11,144.44,171.11,-57.1,2
773,411.11,188.89,171.11,-57.31,2
774,411.11,233.33,171.11,-54.98,2
775,411.11,277.78,171.11,-57.46,2
776,411.11,322.22,171.11,-57.67,2
777,411.11,366.67,171.11,-56.37,2
778,411.11,411.11,171.11,-56.69,2
779,411.11,455.56,171.11,-56,2
780,411.11,500,171.11,-58.41,2
781,142.29,232.69,161.8,-45.94,1
782,455.56,144.44,171.11,-56.76,2
783,455.56,188.89,171.11,-56.85,2
784,455.56,233.33,171.11,-56.04,2
785,455.56,277.78,171.11,-57.69,2
786,455.56,322.22,171.11,-56.85,2
787,455.56,366.67,171.11,-56.91,2
788,455.56,411.11,171.11,-56.75,2
789,455.56,455.56,171.11,-57.14,2
790,455.56,500,171.11,-57.13,2
791,182.61,184.6,157.56,-57.64,2
792,205.04,280.59,162.05,-44.44,1
793,500,188.89,171.11,-56.15,2
794,500,233.33,171.11,-57.35,2
795,500,277.78,171.11,-54.78,2
796,500,322.22,171.11,-58.45,2
797,500,366.67,171.11,-57.73,2
798,500,411.11,171.11,-57.88,2
799,500,455.56,171.11,-57.06,2
800,500,500,171.11,-57.52,2
801,100,100,175.56,-57.38,2
802,100,144.44,175.56,-56.28,2
803,100,188.89,175.56,-55.93,2
804,100,233.33,175.56,-55.04,2
805,100,277.78,175.56,-55.73,2
806,100,322.22,175.56,-54.96,2
807,100,366.67,175.56,-56.76,2
808,100,411.11,175.56,-56.62,2
809,100,455.55,175.56,-53.49,2
810,100,500,175.56,-53.99,2
811,144.44,100,175.56,-56.12,2
812,144.44,144.44,175.56,-56.22,2
813,144.44,188.89,175.56,-54.4,2
814,144.44,233.33,175.56,-56.14,2
815,144.44,277.78,175.56,-56.9,2
816,144.44,322.22,175.56,-55.56,2
817,144.44,366.67,175.56,-55.31,2
818,144.44,411.11,175.56,-55.14,2
819,144.44,455.55,175.56,-54.51,2
820,144.44,500,175.56,-53.68,2
821,188.89,100,175.56,-54.52,2
822,188.89,144.44,175.56,-55.65,2
823,188.89,188.89,175.56,-55.62,2
824,188.89,233.33,175.56,-55.26,2
825,188.89,277.78,175.56,-55.61,2
826,188.89,322.22,175.56,-55.49,2
827,188.89,366.67,175.56,-55.44,2
828,188.89,411.11,175.56,-53.81,2
829,188.89,455.56,175.56,-55.17,2
830,188.89,500,175.56,-54.25,2
831,233.33,100,175.56,-55.24,2
832,233.33,144.44,175.56,-54.92,2
833,233.33,188.89,175.56,-54.92,2
834,233.33,233.33,175.56,-55.22,2
835,233.33,277.78,175.56,-56.05,2
836,233.33,322.22,175.56,-56.2,2
837,233.33,366.67,175.56,-56.83,2
838,233.33,411.11,175.56,-55.71,2
839,233.33,455.56,175.56,-56.04,2
840,233.33,500,175.56,-56.87,2
841,277.78,100,175.56,-55.05,2
842,277.78,144.44,175.56,-54.93,2
843,277.78,188.89,175.56,-54.77,2
844,277.78,233.33,175.56,-55.78,2
845,277.78,277.78,175.56,-55.3,2
846,277.78,322.22,175.56,-55.39,2
847,277.78,366.67,175.56,-56.09,2
848,277.78,411.11,175.56,-56.35,2
849,277.78,455.56,175.56,-56.7,2
850,277.78,500,175.56,-55.92,2
851,322.22,100,175.56,-57.02,2
852,322.22,144.44,175.56,-56.93,2
853,322.22,188.89,175.56,-55.97,2
854,322.22,233.33,175.56,-56,2
855,322.22,277.78,175.56,-54.84,2
856,322.22,322.22,175.56,-55.35,2
857,322.22,366.67,175.56,-55.09,2
858,322.22,411.11,175.56,-56.1,2
859,322.22,455.56,175.56,-56.11,2
860,322.22,500,175.56,-57.19,2
861,366.67,100,175.56,-58.66,2
862,366.67,144.44,175.56,-55.7,2
863,366.67,188.89,175.56,-55.94,2
864,366.67,233.33,175.56,-55.85,2
865,366.67,277.78,175.56,-54.6,2
866,366.67,322.22,175.56,-55.97,2
867,366.67,366.67,175.56,-56.06,2
868,366.67,411.11,175.56,-56.25,2
869,366.67,455.56,175.56,-56.41,2
870,366.67,500,175.56,-56.01,2
871,411.11,100,175.56,-56.83,2
872,411.11,144.44,175.56,-55,2
873,411.11,188.89,175.56,-55.39,2
874,411.11,233.33,175.56,-55.95,2
875,411.11,277.78,175.56,-55.81,2
876,411.11,322.22,175.56,-56.42,2
877,411.11,366.67,175.56,-55.3,2
878,411.11,411.11,175.56,-57.07,2
879,411.11,455.56,175.56,-56.39,2
880,411.11,500,175.56,-56.12,2
881,455.56,100,175.56,-55.26,2
882,455.56,144.44,175.56,-56.06,2
883,455.56,188.89,175.56,-56.51,2
884,455.56,233.33,175.56,-55.59,2
885,455.56,277.78,175.56,-55.03,2
886,455.56,322.22,175.56,-55.86,2
887,455.56,366.67,175.56,-55.69,2
888,455.55,411.11,175.56,-55.3,2
889,455.56,455.56,175.56,-57.15,2
890,455.56,500,175.56,-56,2
891,500,100,175.56,-59.96,2
892,500,144.44,175.56,-54.43,2
893,500,188.89,175.56,-56.42,2
894,500,233.33,175.56,-56.34,2
895,500,277.78,175.56,-55.52,2
896,500,322.22,175.56,-55.79,2
897,500,366.67,175.56,-55.77,2
898,500,411.11,175.56,-56.95,2
899,500,455.56,175.56,-56.33,2
900,500,500,175.56,-56.79,2
901,100,100,180,-55.36,2
902,100,144.44,180,-57.5,2
903,100,188.89,180,-58.83,2
904,100,233.33,180,-56.97,2
905,100,277.78,180,-57.71,2
906,100,322.22,180,-58.96,2
907,100,366.67,180,-58.78,2
908,100,411.11,180,-57.37,2
909,100,455.56,180,-56.86,2
910,100,500,180,-56.32,1
911,144.44,100,180,-58.2,2
912,144.44,144.44,180,-58.52,2
913,144.44,188.89,180,-58,2
914,144.44,233.33,180,-58.87,2
915,144.44,277.78,180,-58.34,2
916,144.44,322.22,180,-59.64,2
917,144.44,366.67,180,-59.15,2
918,144.44,411.11,180,-58.93,2
919,144.44,455.56,180,-59.42,2
920,144.44,500,180,-57.57,2
921,188.89,100,180,-57.44,2
922,188.89,144.44,180,-57.73,2
923,188.89,188.89,180,-59.47,2
924,188.89,233.33,180,-59.09,2
925,188.89,277.78,180,-58.26,2
926,188.89,322.22,180,-57.89,2
927,188.89,366.67,180,-59.14,2
928,188.89,411.11,180,-56.32,2
929,188.89,455.56,180,-57.02,2
930,188.89,500,180,-57.9,2
931,233.33,100,180,-56.45,2
932,233.33,144.44,180,-59.76,2
933,233.33,188.89,180,-59.46,2
934,233.33,233.33,180,-59.01,2
935,233.33,277.78,180,-59.06,2
936,233.33,322.22,180,-60.32,2
937,233.33,366.67,180,-57.67,2
938,233.33,411.11,180,-59.16,2
939,233.33,455.56,180,-59.61,2
940,233.33,500,180,-57.25,2
941,277.78,100,180,-57.05,2
942,277.78,144.44,180,-58.44,2
943,277.78,188.89,180,-59.15,2
944,277.78,233.33,180,-59.26,2
945,277.78,277.78,180,-58.17,2
946,277.78,322.22,180,-59.97,2
947,277.78,366.67,180,-59.95,2
948,277.78,411.11,180,-59.24,2
949,277.78,455.56,180,-58.48,2
950,277.78,500,180,-58.01,2
951,322.22,100,180,-57.37,2
952,322.22,144.44,180,-58.27,2
953,322.22,188.89,180,-59.3,2
954,322.22,233.33,180,-59.8,2
955,322.22,277.78,180,-59.96,2
956,322.22,322.22,180,-58.31,2
957,322.22,366.67,180,-58.27,2
958,322.22,411.11,180,-60.86,2
959,322.22,455.56,180,-60.23,2
960,322.22,500,180,-58.01,2
961,366.67,100,180,-56.92,2
962,366.67,144.44,180,-59.52,2
963,366.67,188.89,180,-60.13,2
964,366.67,233.33,180,-58.83,2
965,366.67,277.78,180,-58.33,2
966,366.67,322.22,180,-59.9,2
967,366.67,366.67,180,-58.56,2
968,366.67,411.11,180,-58.86,2
969,366.67,455.56,180,-57.3,2
970,366.67,500,180,-59.43,2
971,411.11,100,180,-56.98,2
972,411.11,144.44,180,-59.58,2
973,411.11,188.89,180,-55.53,2
974,411.11,233.33,180,-59.85,2
975,411.11,277.78,180,-58.13,2
976,411.11,322.22,180,-57.31,2
977,411.11,366.67,180,-59.4,2
978,411.11,411.11,180,-57.55,2
979,411.11,455.56,180,-58.67,2
980,411.11,500,180,-57.4,2
981,455.56,100,180,-58.82,2
982,455.56,144.44,180,-58.6,2
983,455.56,188.89,180,-59.02,2
984,455.56,233.33,180,-57.2,2
985,455.56,277.78,180,-58.22,2
986,455.56,322.22,180,-59.49,2
987,455.56,366.67,180,-60.12,2
988,455.56,411.11,180,-59.18,2
989,455.56,455.56,180,-60.25,2
990,455.56,500,180,-57.24,2
991,500,100,180,-58.13,2
992,500,144.44,180,-59.74,2
993,500,188.89,180,-56.54,2
994,500,233.33,180,-58.72,2
995,500,277.78,180,-57.48,2
996,500,322.22,180,-58.1,2
997,500,366.67,180,-58.48,2
998,500,411.11,180,-59.33,2
999,500,455.56,180,-59.44,2
1000,500,500,180,-57.74,1
